{
  "project_id": "test_001",
  "project_title": "منصة تقنية مالية مبتكرة",
  "ceo_insights": {
    "executive_summary": "المشروع على المسار الصحيح مع وجود 0 تحديات تتطلب الانتباه. احتمالية النجاح (65%) مقبولة لكن يمكن تحسينها.",
    "critical_insights": [],
    "risk_level": "medium",
    "success_probability": 65.0,
    "investor_appeal": "medium"
  },
  "actionable_roadmap": {
    "roadmap_id": "default",
    "title": "خطة تحسين عامة",
    "priority": "medium",
    "tactical_moves": []
  },
  "investor_readiness": {
    "irl_score": 57.93758333333333,
    "irl_grade": "C",
    "investor_appeal": "medium",
    "recommended_investor_types": [
      "angel",
      "government"
    ],
    "key_strengths": [
      "حجم السوق (100/100)",
      "الجدوى التقنية (75/100)"
    ],
    "key_weaknesses": [
      "الصحة المالية (44/100)",
      "الجذب السوقي (Traction) (24/100)"
    ],
    "estimated_valuation_range": {
      "min": 6696433.067187499,
      "max": 12436232.8390625
    },
    "estimated_funding_potential": {
      "min": 1339286.6134374999,
      "max": 2487246.5678125
    },
    "readiness_breakdown": {
      "traction": 23.55,
      "team_quality": 50,
      "market_size": 100,
      "technical_feasibility": 75,
      "financial_health": 43.97222222222223
    }
  },
  "strategic_dashboard": {
    "project_id": "test_001",
    "project_title": "منصة تقنية مالية مبتكرة",
    "generated_at": "2026-01-31",
    "ici": {
      "ici_score": 59.03717361111111,
      "confidence_level": "medium",
      "success_probability": 0.65,
      "risk_level": "medium",
      "investor_readiness": 57.93758333333333,
      "market_fit_score": 62.0,
      "execution_readiness": 61.5,
      "financial_sustainability": 34.27777777777778,
      "critical_path_stages": [
        {
          "stage": 2,
          "title": "بناء Product-Market Fit",
          "duration": "3-6 أشهر",
          "status": "important",
          "key_actions": [
            "التحقق من الفرضيات السوقية (100 مقابلة عميل)",
            "إطلاق MVP وقياس Engagement",
            "تحقيق Product-Market Fit (NPS > 50)"
          ]
        },
        {
          "stage": 3,
          "title": "تأمين التمويل",
          "duration": "2-4 أشهر",
          "status": "critical",
          "key_actions": [
            "إعداد Pitch Deck احترافي",
            "استهداف 20 مستثمر محتمل",
            "إغلاق جولة تمويلية"
          ]
        },
        {
          "stage": 4,
          "title": "التوسع والنمو",
          "duration": "6-12 شهر",
          "status": "growth",
          "key_actions": [
            "توسيع الفريق (توظيف 5-10 أشخاص)",
            "زيادة قاعدة المستخدمين 10x",
            "تحقيق الإيرادات المستهدفة"
          ]
        }
      ],
      "estimated_time_to_success": "2.0 سنة",
      "key_milestones": [
        "✅ تحقيق Product-Market Fit",
        "💰 إغلاق جولة Seed (2-5M ريال)",
        "👥 توسيع الفريق إلى 15 شخص",
        "📈 تحقيق 10K مستخدم نشط",
        "💵 توليد إيرادات شهرية (50K+ ريال)"
      ],
      "top_priorities": [
        "تحسين Product-Market Fit",
        "تأمين التمويل",
        "بناء الفريق"
      ],
      "quick_wins": [
        "إطلاق Landing Page احترافية",
        "بناء قائمة بريدية (Email List)",
        "إنشاء حسابات Social Media نشطة"
      ],
      "long_term_initiatives": [
        "بناء ثقافة شركة قوية (Company Culture)",
        "تطوير استراتيجية توسع إقليمية (GCC)",
        "بناء شراكات استراتيجية مع شركات كبرى",
        "الاستثمار في R&D لميزات مبتكرة"
      ]
    },
    "visualizations": [
      {
        "viz_type": "gauge",
        "title": "مؤشر الثقة في الابتكار (ICI)",
        "data": {
          "value": 59.03717361111111,
          "max": 100,
          "ranges": [
            {
              "min": 0,
              "max": 30,
              "color": "red",
              "label": "منخفض جداً"
            },
            {
              "min": 30,
              "max": 50,
              "color": "orange",
              "label": "منخفض"
            },
            {
              "min": 50,
              "max": 70,
              "color": "yellow",
              "label": "متوسط"
            },
            {
              "min": 70,
              "max": 85,
              "color": "lightgreen",
              "label": "عالي"
            },
            {
              "min": 85,
              "max": 100,
              "color": "green",
              "label": "عالي جداً"
            }
          ]
        },
        "insights": [
          "النقاط: 59.0/100",
          "المستوى: متوسط",
          "احتمالية النجاح: 65%"
        ],
        "recommendations": [
          "التركيز على معالجة المخاطر الحرجة",
          "تحسين جاهزية المستثمر (IRL)"
        ]
      },
      {
        "viz_type": "radar",
        "title": "الأبعاد الخمسة للابتكار",
        "data": {
          "dimensions": [
            {
              "name": "احتمالية النجاح",
              "value": 65.0
            },
            {
              "name": "جاهزية المستثمر",
              "value": 57.93758333333333
            },
            {
              "name": "ملاءمة السوق",
              "value": 62.0
            },
            {
              "name": "جاهزية التنفيذ",
              "value": 61.5
            },
            {
              "name": "الاستدامة المالية",
              "value": 34.27777777777778
            }
          ]
        },
        "insights": [
          "أقوى بُعد: احتمالية النجاح",
          "أضعف بُعد: الاستدامة المالية"
        ],
        "recommendations": [
          "تحسين الأبعاد الضعيفة أولاً",
          "الحفاظ على الأبعاد القوية"
        ]
      },
      {
        "viz_type": "timeline",
        "title": "المسار الحرج للنجاح",
        "data": {
          "stages": [
            {
              "stage": 2,
              "title": "بناء Product-Market Fit",
              "duration": "3-6 أشهر",
              "status": "important",
              "key_actions": [
                "التحقق من الفرضيات السوقية (100 مقابلة عميل)",
                "إطلاق MVP وقياس Engagement",
                "تحقيق Product-Market Fit (NPS > 50)"
              ]
            },
            {
              "stage": 3,
              "title": "تأمين التمويل",
              "duration": "2-4 أشهر",
              "status": "critical",
              "key_actions": [
                "إعداد Pitch Deck احترافي",
                "استهداف 20 مستثمر محتمل",
                "إغلاق جولة تمويلية"
              ]
            },
            {
              "stage": 4,
              "title": "التوسع والنمو",
              "duration": "6-12 شهر",
              "status": "growth",
              "key_actions": [
                "توسيع الفريق (توظيف 5-10 أشخاص)",
                "زيادة قاعدة المستخدمين 10x",
                "تحقيق الإيرادات المستهدفة"
              ]
            }
          ],
          "total_duration": "2.0 سنة"
        },
        "insights": [
          "الوقت المتوقع: 2.0 سنة",
          "عدد المراحل: 3"
        ],
        "recommendations": [
          "البدء بالمرحلة الأولى فوراً",
          "تتبع التقدم أسبوعياً"
        ]
      },
      {
        "viz_type": "waterfall",
        "title": "تفصيل جاهزية المستثمر (IRL)",
        "data": {
          "breakdown": {
            "traction": 23.55,
            "team_quality": 50,
            "market_size": 100,
            "technical_feasibility": 75,
            "financial_health": 43.97222222222223
          },
          "total": 57.93758333333333
        },
        "insights": [
          "IRL Score: 57.9/100",
          "الدرجة: C"
        ],
        "recommendations": [
          "الصحة المالية (44/100)",
          "الجذب السوقي (Traction) (24/100)"
        ]
      },
      {
        "viz_type": "heatmap",
        "title": "خريطة المخاطر",
        "data": {
          "risks": []
        },
        "insights": [
          "مخاطر حرجة: 0",
          "مخاطر عالية: 0"
        ],
        "recommendations": [
          "معالجة المخاطر الحمراء فوراً",
          "وضع خطة تخفيف للمخاطر البرتقالية"
        ]
      }
    ],
    "executive_summary": "**منصة تقنية مالية مبتكرة**\n\nيُظهر المشروع إمكانات واعدة لكن يحتاج إلى تحسينات. مؤشر الثقة في الابتكار (ICI) يبلغ 59.0/100 (متوسط)، مع احتمالية نجاح 65%.\n\n**الوضع الحالي:**\n- جاهزية المستثمر: 57.9/100\n- ملاءمة السوق: 62.0/100\n- جاهزية التنفيذ: 61.5/100\n- الاستدامة المالية: 34.3/100\n\n**الأولويات الحرجة:**\n• تحسين Product-Market Fit\n• تأمين التمويل\n• بناء الفريق\n\n**الوقت المتوقع للنجاح:** 2.0 سنة",
    "strategic_recommendations": [
      "💰 **تحسين جاهزية المستثمر:** إعداد Pitch Deck احترافي والتقديم على 3 برامج تسريع",
      "💵 **معالجة الوضع المالي:** تخفيض Burn Rate بنسبة 30% وتأمين تمويل bridge",
      "⚡ **Quick Wins:** إطلاق Landing Page احترافية, بناء قائمة بريدية (Email List)"
    ],
    "roadmap_timeline": {
      "total_duration": "غير محدد",
      "phases": []
    },
    "investment_scenarios": [
      {
        "scenario_name": "تمويل من مستثمرين ملائكة",
        "probability": 0.3,
        "funding_amount": 300000.0,
        "equity_dilution": 0.15679989472977734,
        "post_money_valuation": 1913266.590625,
        "investor_type": "angel",
        "timeline_months": 1,
        "conditions": [
          "تحقيق معايير Traction محددة (مثل 1000 مستخدم نشط)",
          "إكمال MVP وإطلاقه في السوق"
        ]
      },
      {
        "scenario_name": "تمويل من البرامج الحكومية (Monsha'at/Badir)",
        "probability": 0.3,
        "funding_amount": 275000.0,
        "equity_dilution": 0.14373323683562925,
        "post_money_valuation": 1913266.5906249997,
        "investor_type": "government",
        "timeline_months": 2,
        "conditions": [
          "تحقيق معايير Traction محددة (مثل 1000 مستخدم نشط)",
          "إكمال MVP وإطلاقه في السوق",
          "استيفاء معايير البرنامج (مثل سعودة الفريق)",
          "تقديم خطة عمل تفصيلية"
        ]
      }
    ]
  },
  "executive_summary": "# التحليل الاستراتيجي الشامل: منصة تقنية مالية مبتكرة\n\n## الملخص التنفيذي\n\nتم إجراء تحليل استراتيجي شامل للمشروع باستخدام Strategic Bridge Protocol، وهو نظام متقدم يدمج أربعة محركات ذكاء اصطناعي لتحويل البيانات التقنية إلى رؤى استراتيجية قابلة للتنفيذ.\n\n### المؤشرات الرئيسية:\n- **مؤشر الثقة في الابتكار (ICI):** 59.0/100\n- **جاهزية المستثمر (IRL):** 57.9/100\n- **احتمالية النجاح:** 65%\n\n### التقييم العام:\nالمشروع يُظهر إمكانات واعدة مع بعض التحديات. يُنصح بمعالجة المخاطر الحرجة قبل التوسع.\n\n### الأولويات الحرجة:\nلا توجد أولويات حرجة في الوقت الحالي.\n\n### التوصيات الاستراتيجية:\n- 💰 **تحسين جاهزية المستثمر:** إعداد Pitch Deck احترافي والتقديم على 3 برامج تسريع\n- 💵 **معالجة الوضع المالي:** تخفيض Burn Rate بنسبة 30% وتأمين تمويل bridge\n- ⚡ **Quick Wins:** إطلاق Landing Page احترافية, بناء قائمة بريدية (Email List)\n\n---\n\n**تم توليد هذا التقرير بواسطة:** UPLINK 5.0 Strategic Bridge Protocol v1.0  \n**التاريخ:** 31 يناير 2026",
  "key_recommendations": [
    "💰 **تحسين جاهزية المستثمر:** إعداد Pitch Deck احترافي والتقديم على 3 برامج تسريع",
    "💵 **معالجة الوضع المالي:** تخفيض Burn Rate بنسبة 30% وتأمين تمويل bridge",
    "⚡ **Quick Wins:** إطلاق Landing Page احترافية, بناء قائمة بريدية (Email List)"
  ],
  "generated_at": "2026-01-31",
  "version": "1.0"
}