{
  "version": "7",
  "dialect": "mysql",
  "entries": [
    {
      "idx": 0,
      "version": "5",
      "when": 1769692438722,
      "tag": "0000_chilly_green_goblin",
      "breakpoints": true
    },
    {
      "idx": 1,
      "version": "5",
      "when": 1769692602529,
      "tag": "0001_elite_rachel_grey",
      "breakpoints": true
    },
    {
      "idx": 2,
      "version": "5",
      "when": 1769700735639,
      "tag": "0002_youthful_punisher",
      "breakpoints": true
    },
    {
      "idx": 3,
      "version": "5",
      "when": 1769700786116,
      "tag": "0003_furry_power_man",
      "breakpoints": true
    },
    {
      "idx": 4,
      "version": "5",
      "when": 1769706552767,
      "tag": "0004_magical_tusk",
      "breakpoints": true
    },
    {
      "idx": 5,
      "version": "5",
      "when": 1769708415711,
      "tag": "0005_familiar_zombie",
      "breakpoints": true
    },
    {
      "idx": 6,
      "version": "5",
      "when": 1769708525318,
      "tag": "0006_heavy_mister_sinister",
      "breakpoints": true
    },
    {
      "idx": 7,
      "version": "5",
      "when": 1769716264116,
      "tag": "0007_loose_skaar",
      "breakpoints": true
    },
    {
      "idx": 8,
      "version": "5",
      "when": 1769720396560,
      "tag": "0008_chemical_doctor_spectrum",
      "breakpoints": true
    },
    {
      "idx": 9,
      "version": "5",
      "when": 1769771294971,
      "tag": "0009_slimy_daredevil",
      "breakpoints": true
    },
    {
      "idx": 10,
      "version": "5",
      "when": 1769774542251,
      "tag": "0010_organic_cloak",
      "breakpoints": true
    },
    {
      "idx": 11,
      "version": "5",
      "when": 1769775164770,
      "tag": "0011_goofy_squirrel_girl",
      "breakpoints": true
    },
    {
      "idx": 12,
      "version": "5",
      "when": 1769777044259,
      "tag": "0012_woozy_chat",
      "breakpoints": true
    },
    {
      "idx": 13,
      "version": "5",
      "when": 1769779681882,
      "tag": "0013_fine_wendell_rand",
      "breakpoints": true
    },
    {
      "idx": 14,
      "version": "5",
      "when": 1769902426341,
      "tag": "0014_unknown_virginia_dare",
      "breakpoints": true
    },
    {
      "idx": 15,
      "version": "5",
      "when": 1770423473410,
      "tag": "0015_wakeful_gabe_jones",
      "breakpoints": true
    }
  ]
}