{
  "query": "INSERT INTO ideaAnalysis (ideaId, overallScore, classification, aiAnalysis, status, processingTime, analyzedAt, createdAt, updatedAt) VALUES (120002, '85', 'high', '{\"innovationScore\": 85, \"innovationLevel\": \"high\", \"innovationRationale\": \"هذه الفكرة تقدم حلاً مبتكراً لمشكلة حقيقية في السوق، مع استخدام تقنيات حديثة ونموذج عمل قابل للتطوير. التميز يكمن في الجمع بين سهولة الاستخدام والكفاءة التقنية العالية.\", \"category\": \"تكنولوجيا\", \"type\": \"منتج\", \"swot\": {\"strengths\": [\"حل مبتكر لمشكلة واضحة في السوق\", \"فريق تقني قوي مع خبرة في المجال\", \"نموذج عمل قابل للتطوير والتوسع\", \"تكلفة تطوير منخفضة نسبياً\"], \"weaknesses\": [\"منافسة قوية من شركات كبرى\", \"يحتاج إلى استثمار أولي كبير للتسويق\", \"الاعتماد على تقنيات خارجية قد تتغير\"], \"opportunities\": [\"سوق متنامي بمعدل 25% سنوياً\", \"إمكانية التوسع إلى أسواق إقليمية\", \"شراكات استراتيجية مع شركات كبرى\", \"دعم حكومي للابتكار التقني\"], \"threats\": [\"تغيرات تنظيمية قد تؤثر على النموذج\", \"دخول منافسين جدد بتمويل أكبر\", \"تغير سريع في احتياجات السوق\"]}, \"recommendations\": [\"ابدأ بنموذج أولي (MVP) لاختبار السوق بسرعة\", \"ركز على بناء شراكات استراتيجية مبكرة\", \"استثمر في التسويق الرقمي والمحتوى التعليمي\", \"احمِ الملكية الفكرية من خلال براءات الاختراع\", \"ابنِ فريقاً متنوعاً يجمع بين التقنية والتجارة\"], \"marketPotential\": {\"size\": \"500 مليون دولار\", \"growth\": \"25% سنوياً\", \"competition\": \"متوسطة إلى عالية\", \"analysis\": \"السوق المستهدف ينمو بسرعة مع طلب متزايد على الحلول المبتكرة. المنافسة موجودة لكن هناك مجال للتميز من خلال التركيز على تجربة المستخدم والابتكار المستمر.\"}}', 'completed', '0', NOW(), NOW(), NOW());",
  "command": "mysql --batch --raw --column-names --default-character-set=utf8mb4 --host gateway02.us-east-1.prod.aws.tidbcloud.com --port 4000 --user 3ENKKjNgJaxqLcS.fa3a405d8687 --database fqijacsWw6AUmwQQsRR8Z9 --execute INSERT INTO ideaAnalysis (ideaId, overallScore, classification, aiAnalysis, status, processingTime, analyzedAt, createdAt, updatedAt) VALUES (120002, '85', 'high', '{\"innovationScore\": 85, \"innovationLevel\": \"high\", \"innovationRationale\": \"هذه الفكرة تقدم حلاً مبتكراً لمشكلة حقيقية في السوق، مع استخدام تقنيات حديثة ونموذج عمل قابل للتطوير. التميز يكمن في الجمع بين سهولة الاستخدام والكفاءة التقنية العالية.\", \"category\": \"تكنولوجيا\", \"type\": \"منتج\", \"swot\": {\"strengths\": [\"حل مبتكر لمشكلة واضحة في السوق\", \"فريق تقني قوي مع خبرة في المجال\", \"نموذج عمل قابل للتطوير والتوسع\", \"تكلفة تطوير منخفضة نسبياً\"], \"weaknesses\": [\"منافسة قوية من شركات كبرى\", \"يحتاج إلى استثمار أولي كبير للتسويق\", \"الاعتماد على تقنيات خارجية قد تتغير\"], \"opportunities\": [\"سوق متنامي بمعدل 25% سنوياً\", \"إمكانية التوسع إلى أسواق إقليمية\", \"شراكات استراتيجية مع شركات كبرى\", \"دعم حكومي للابتكار التقني\"], \"threats\": [\"تغيرات تنظيمية قد تؤثر على النموذج\", \"دخول منافسين جدد بتمويل أكبر\", \"تغير سريع في احتياجات السوق\"]}, \"recommendations\": [\"ابدأ بنموذج أولي (MVP) لاختبار السوق بسرعة\", \"ركز على بناء شراكات استراتيجية مبكرة\", \"استثمر في التسويق الرقمي والمحتوى التعليمي\", \"احمِ الملكية الفكرية من خلال براءات الاختراع\", \"ابنِ فريقاً متنوعاً يجمع بين التقنية والتجارة\"], \"marketPotential\": {\"size\": \"500 مليون دولار\", \"growth\": \"25% سنوياً\", \"competition\": \"متوسطة إلى عالية\", \"analysis\": \"السوق المستهدف ينمو بسرعة مع طلب متزايد على الحلول المبتكرة. المنافسة موجودة لكن هناك مجال للتميز من خلال التركيز على تجربة المستخدم والابتكار المستمر.\"}}', 'completed', '0', NOW(), NOW(), NOW());",
  "returncode": 1,
  "logs": [
    "ERROR 1146 (42S02) at line 1: Table 'fqijacsww6aumwqqsrr8z9.ideaAnalysis' doesn't exist"
  ]
}