{
  "query": "UPDATE ideas \nSET aiAnalysis = '{\"overallScore\":88,\"classification\":\"ابتكار تجاري واعد\",\"scores\":{\"innovation\":92,\"marketPotential\":85,\"feasibility\":88,\"scalability\":90,\"competitiveAdvantage\":87,\"resourceEfficiency\":84,\"riskLevel\":75,\"socialImpact\":89,\"financialViability\":86,\"sustainabilityAlignment\":91},\"strengths\":[\"استخدام متقدم للذكاء الاصطناعي في تحليل الأفكار\",\"سوق كبير ومتنامي في المنطقة\",\"نموذج عمل قابل للتطوير بسهولة\",\"تلبية حاجة حقيقية في النظام البيئي للابتكار\"],\"weaknesses\":[\"يتطلب استثماراً أولياً كبيراً\",\"منافسة محتملة من منصات عالمية\",\"يحتاج إلى بناء ثقة مع المستثمرين والمبتكرين\",\"التحديات التقنية في تطوير نظام AI دقيق\"],\"opportunities\":[\"التوسع في أسواق إقليمية أخرى\",\"شراكات استراتيجية مع الجهات الحكومية\",\"إضافة خدمات استشارية مدفوعة\",\"دمج مع برامج الدعم الحكومية للمبتكرين\"],\"threats\":[\"دخول منافسين كبار للسوق\",\"تغيرات في السياسات الحكومية\",\"صعوبة في جذب المستثمرين في المراحل الأولى\",\"مخاطر تقنية في دقة تحليلات AI\"],\"marketAnalysis\":\"السوق السعودي يشهد نمواً كبيراً في قطاع ريادة الأعمال مع وجود أكثر من 10,000 شركة ناشئة. الطلب على منصات الربط بين المبتكرين والمستثمرين في تزايد مستمر، خاصة مع رؤية 2030 التي تركز على الابتكار والتنويع الاقتصادي.\",\"competitiveAnalysis\":\"المنافسون الرئيسيون: منصات عالمية مثل AngelList و Crunchbase، لكنها لا تركز على السوق المحلي ولا تقدم تحليل AI متقدم باللغة العربية. الميزة التنافسية تكمن في التخصص المحلي والتحليل الذكي المتقدم.\",\"recommendations\":[\"البدء بسوق محدد (مثل التقنية والصحة) قبل التوسع\",\"بناء شراكات مبكرة مع صناديق استثمار محلية\",\"الاستثمار في تسويق المحتوى لبناء الثقة\",\"تطوير برنامج حوافز للمستخدمين الأوائل\"],\"nextSteps\":[\"إعداد دراسة جدوى تفصيلية\",\"تطوير نموذج أولي (MVP) للمنصة\",\"التواصل مع 10 مستثمرين محتملين للحصول على feedback\",\"تقديم طلب للحصول على دعم حكومي أو تمويل أولي\"]}'\nWHERE id = 120002;",
  "command": "mysql --batch --raw --column-names --default-character-set=utf8mb4 --host gateway02.us-east-1.prod.aws.tidbcloud.com --port 4000 --user 3ENKKjNgJaxqLcS.fa3a405d8687 --database fqijacsWw6AUmwQQsRR8Z9 --execute UPDATE ideas \nSET aiAnalysis = '{\"overallScore\":88,\"classification\":\"ابتكار تجاري واعد\",\"scores\":{\"innovation\":92,\"marketPotential\":85,\"feasibility\":88,\"scalability\":90,\"competitiveAdvantage\":87,\"resourceEfficiency\":84,\"riskLevel\":75,\"socialImpact\":89,\"financialViability\":86,\"sustainabilityAlignment\":91},\"strengths\":[\"استخدام متقدم للذكاء الاصطناعي في تحليل الأفكار\",\"سوق كبير ومتنامي في المنطقة\",\"نموذج عمل قابل للتطوير بسهولة\",\"تلبية حاجة حقيقية في النظام البيئي للابتكار\"],\"weaknesses\":[\"يتطلب استثماراً أولياً كبيراً\",\"منافسة محتملة من منصات عالمية\",\"يحتاج إلى بناء ثقة مع المستثمرين والمبتكرين\",\"التحديات التقنية في تطوير نظام AI دقيق\"],\"opportunities\":[\"التوسع في أسواق إقليمية أخرى\",\"شراكات استراتيجية مع الجهات الحكومية\",\"إضافة خدمات استشارية مدفوعة\",\"دمج مع برامج الدعم الحكومية للمبتكرين\"],\"threats\":[\"دخول منافسين كبار للسوق\",\"تغيرات في السياسات الحكومية\",\"صعوبة في جذب المستثمرين في المراحل الأولى\",\"مخاطر تقنية في دقة تحليلات AI\"],\"marketAnalysis\":\"السوق السعودي يشهد نمواً كبيراً في قطاع ريادة الأعمال مع وجود أكثر من 10,000 شركة ناشئة. الطلب على منصات الربط بين المبتكرين والمستثمرين في تزايد مستمر، خاصة مع رؤية 2030 التي تركز على الابتكار والتنويع الاقتصادي.\",\"competitiveAnalysis\":\"المنافسون الرئيسيون: منصات عالمية مثل AngelList و Crunchbase، لكنها لا تركز على السوق المحلي ولا تقدم تحليل AI متقدم باللغة العربية. الميزة التنافسية تكمن في التخصص المحلي والتحليل الذكي المتقدم.\",\"recommendations\":[\"البدء بسوق محدد (مثل التقنية والصحة) قبل التوسع\",\"بناء شراكات مبكرة مع صناديق استثمار محلية\",\"الاستثمار في تسويق المحتوى لبناء الثقة\",\"تطوير برنامج حوافز للمستخدمين الأوائل\"],\"nextSteps\":[\"إعداد دراسة جدوى تفصيلية\",\"تطوير نموذج أولي (MVP) للمنصة\",\"التواصل مع 10 مستثمرين محتملين للحصول على feedback\",\"تقديم طلب للحصول على دعم حكومي أو تمويل أولي\"]}'\nWHERE id = 120002;",
  "returncode": 1,
  "logs": [
    "ERROR 1054 (42S22) at line 1: Unknown column 'aiAnalysis' in 'field list'"
  ]
}